url,name,ein,score,star_rating,keywords,website,address,phone,organization_mission,IRS_ruling_year,contain_keywords
https://www.charitynavigator.org/ein/030197668,MOUNT ST JOSEPH ACADEMY,030197668,,,"Not currently rated, Not rated, This organization is not rated",,"127 CONVENT AVE, RUTLAND, VT, 05701-3970",,Mission not available,1946,Yes
https://www.charitynavigator.org/ein/030197468,Berlin Corner Cemetery Association,030197468,,,"Not currently rated, Not rated, This organization is not rated",,"C/O LINDA MULLEN 111 BIRCHWOOD DR, BERLIN, VT, 05602-0000",802-279-6695,MAINTAIN/OPERATE BURIAL GROUNDS FOR HUMAN REMAINS,1997,Yes
https://www.charitynavigator.org/ein/030197270,BURLINGTON TENNIS CLUB INC,030197270,,,"Not currently rated, Not rated, This organization is not rated",http://WWW.BURLINGTONTENNIS.COM,"PO BOX 143, BURLINGTON, VT, 05402-0143",802-863-3439,"The Organization is a social club with recreational facilities. Members participate in social events, play tennis and swim. There are approximately 500 members.",1988,Yes
https://www.charitynavigator.org/ein/030197728,Sterling College,030197728,100%,4,,http://WWW.STERLINGCOLLEGE.EDU,"PO BOX 72, CRAFTSBURY CM, VT, 05827-0072",802-586-7711,"STERLING COLLEGE IS DEEPLY COMMITTED TO ITS MISSION OF ADVANCING ECOLOGICAL THINKING AND ACTION. AS A PREMIER, ENVIRONMENTALLY FOCUSED LIBERAL ARTS COLLEGE, WE ARE S ... (More)",1960,No
https://www.charitynavigator.org/ein/030198012,VETERANS OF FOREIGN WARS OF THE UNITED STATES DEPT OF VERMONT,030198012,,,"Not currently rated, Not rated, This organization is not rated",,"141 CENTRAL ST, NEWPORT, VT, 05855-2133",802-334-7717,VETERANS ORGANIZATION AND MEETING HALL FOR VETERANS SUPPORT SERVICES,1965,Yes
https://www.charitynavigator.org/ein/030197766,Ottauquechee Health Foundation Inc.,030197766,75%,3,,http://WWW.OHFVT.ORG,"PO BOX 784, WOODSTOCK, VT, 05091-0784",802-457-4188,"THE FOUNDATION STRIVES TO IMPROVE THE HEALTH AND WELL-BEING OF PEOPLE IN NEED WHO LIVE IN THE TOWNS WE SERVE THROUGH FINANCIAL ASSISTANCE, COMMUNITY PARTNERSHIPS, ED ... (More)",1962,No
https://www.charitynavigator.org/ein/030198015,BENNINGTON COUNTY INDUSTRIAL CORPORATION,030198015,,,"Not currently rated, Not rated, This organization is not rated",,"210 SOUTH ST STE 6, BENNINGTON, VT, 05201-2894",802-442-0713,Industrial development.,1962,Yes
https://www.charitynavigator.org/ein/030197897,Overlake Day School Inc.,030197897,,,"Not currently rated, Not rated, This organization is not rated",,"173 PATCHEN RD, S BURLINGTON, VT, 05403-5741",,Mission not available,1959,Yes
https://www.charitynavigator.org/ein/030198127,Barrett Memorial Hall,030198127,76%,3,,,"PO BOX 224, S STRAFFORD, VT, 05070-0224",802-765-4299,"COMMUNITY SERVICE MANAGING HISTORIC BARRETT HALL. AN IMPORTANT MEETING GATHERING PLACE IN STRAFFORD VT USED BY THE TOWN, THE SCHOOL DISTRICT, LOCAL NON-PROFIT ORGANI ... (More)",1992,No
https://www.charitynavigator.org/ein/030200366,Spring Lake Ranch Inc.,030200366,88%,3,,http://WWW.SPRINGLAKERANCH.ORG,"1169 SPRING LAKE RD, Shrewsbury, VT, 05738-4418",802-492-3322,Spring Lake Ranch Therapeutic Community supports and empowers people with mental health and substance use challenges by providing opportunities to grow and thrive. T ... (More),1961,No
https://www.charitynavigator.org/ein/030210219,UNITED ASSOCIATION OF JOURNEYMEN & APPRENTICES OF THE PLUMBING & PIPE,030210219,,,"Not currently rated, Not rated, This organization is not rated",,"3 GREGORY DR, S BURLINGTON, VT, 05403-6061",802-864-4042,"TO ORGANIZE AND TO SECURE IMPROVED WAGES,HOURS, WORKING CONDITIONS AND OTHER ECONOMIC ADVANTAGES THROUGH ORGANIZATION, NEGOTIATIONS AND COLLECTIVE BARGAINING.",1968,Yes
https://www.charitynavigator.org/ein/030199419,SOUTHWESTERN VERMONT CHAMBER OF COMMERCE INC,030199419,,,"Not currently rated, Not rated, This organization is not rated",http://www.SWVTChamber.com,"100 VETERANS MEMORIAL DR, BENNINGTON, VT, 05201-1938",802-447-3311,To promote commerce and tourism in the Southwestern region of Vermont.,1960,Yes
https://www.charitynavigator.org/ein/030199873,VERMONT TRUCK & BUS ASSOCIATION INC,030199873,,,"Not currently rated, Not rated, This organization is not rated",,"PO BOX 3898, CONCORD, NH, 03302-3898",603-224-7337,PROMOTING THE TRUCK AND BUS INDUSTRY.,1945,Yes
https://www.charitynavigator.org/ein/030199213,United Counseling Service of Bennington County Inc.,030199213,100%,4,,http://WWW.UCSVT.ORG,"PO BOX 588, BENNINGTON, VT, 05201-0588",,MENTAL HEALTH AGENCY,1961,No
https://www.charitynavigator.org/ein/030210250,John Woodruff Simpson Memorial Library Inc.,030210250,,,"Not currently rated, Not rated, This organization is not rated",,"1972 E CRAFTSBURY RD, CRAFTSBURY, VT, 05826-9699",,Mission not available,1941,Yes
https://www.charitynavigator.org/ein/030210304,Chelsea Health Center Inc.,030210304,,,"Not currently rated, Not rated, This organization is not rated",,"PO BOX 92, CHELSEA, VT, 05038-0092",,Mission not available,1954,Yes
https://www.charitynavigator.org/ein/030210542,Northwestern Counseling & Support Services Inc.,030210542,96%,4,,http://WWW.NCSSINC.ORG,"107 FISHER POND RD, ST ALBANS, VT, 05478-6286",802-524-6554,PROVIDE MENTAL HEALTH SERVICES,1960,No
https://www.charitynavigator.org/ein/030210725,Rutland Mental Health Service Inc.,030210725,96%,4,,,"78 S MAIN ST, RUTLAND, VT, 05701-4591",802-775-8224,MENTAL HEALTH SERVICES,1963,No
https://www.charitynavigator.org/ein/030210731,Lake View Cemetery Association Inc.,030210731,,,"Not currently rated, Not rated, This organization is not rated",,"1731 ROUTE 74 W, SHOREHAM, VT, 05770-9411",,Mission not available,1964,Yes
https://www.charitynavigator.org/ein/030210827,GRANITE GROUP INSURANCE TRUST,030210827,,,"Not currently rated, Not rated, This organization is not rated",,"PO BOX 345, BARRE, VT, 05641-0345",802-476-3291,PROVIDES VARIOUS WELFARE BENEFIT INSURANCE COVERAGES FOR MEMBER EMPLOYERS AND EMPLOYEES.,1978,Yes
https://www.charitynavigator.org/ein/030210869,Paran Recreations Inc.,030210869,,,"Not currently rated, Not rated, This organization is not rated",http://lakeparanvt.org,"PO BOX 393, N BENNINGTON, VT, 05257-0393",802-753-7782,"Paran Recreations is a community supported organization for outdoor recreation, creative events, environmental education and stewardship. We strive to be a place for ... (More)",2000,Yes
https://www.charitynavigator.org/ein/030210919,Waitsfield Vt Cemetery Fund,030210919,,,"Not currently rated, Not rated, This organization is not rated",,"4144 MAIN ST, WAITSFIELD, VT, 05673-6094",,Mission not available,1941,Yes
https://www.charitynavigator.org/ein/030210978,Carthusian Foundation in America Incorporated,030210978,,,"Not currently rated, Not rated, This organization is not rated",,"1A ST BRUNO DR, ARLINGTON, VT, 05250-9505",,Mission not available,1951,Yes
https://www.charitynavigator.org/ein/030211036,Grammar School Incorporated,030211036,73%,2,,http://WWW.THEGRAMMARSCHOOL.ORG,"159 GRAMMAR SCHOOL LANE, PUTNEY, VT, 05346-0000",802-387-5364,"As a small community of parents, students and teachers in conscious partnership, The Grammar School integrates high expectations for achievement, creativity, self di ... (More)",1962,No
https://www.charitynavigator.org/ein/030211089,ASSOCIATED GENERAL CONTRACTORS OF VERMONT INC,030211089,,,"Not currently rated, Not rated, This organization is not rated",http://WWW.AGCVT.ORG,"PO BOX 750, MONTPELIER, VT, 05601-0750",802-223-2374,TO PROMOTE AWARENESS AND TRAINING FOR MEMBERS IN THE CONSTRUCTION INDUSTRY AND THEIR EMPLOYEES,1962,Yes
https://www.charitynavigator.org/ein/030211361,CREDIT UNION OF VERMONT,030211361,,,"Not currently rated, Not rated, This organization is not rated",,"2 SOUTH MAIN ST, RUTLAND, VT, 05701-4262",802-773-0027,A CREDIT UNION. Not-for-profit corporation owned by its members and providing low cost financial services including loans and share-deposit services to its member-ow ... (More),1987,Yes
https://www.charitynavigator.org/ein/030211383,Vermont School Boards Association,030211383,88%,3,,http://WWW.VTVSBA.ORG,"2 PROSPECT ST STE 4, MONTPELIER, VT, 05602-3815",802-223-3580,EDUCATIONAL ASSOCIATION FOR SCHOOL BOARDS.,1966,No
https://www.charitynavigator.org/ein/030211387,BURLINGTON ODD FELLOWS ASSOC INC,030211387,,,"Not currently rated, Not rated, This organization is not rated",,"1416 NORTH AVE, BURLINGTON, VT, 05408-2584",,Mission not available,1974,Yes
https://www.charitynavigator.org/ein/030211414,AMES HILL MARLBORO COMMUNITY CENTER INC,030211414,,,"Not currently rated, Not rated, This organization is not rated",,"PO BOX 2124, BRATTLEBORO, VT, 05303-2124",,Mission not available,1977,Yes
https://www.charitynavigator.org/ein/030211553,ORLEX GOVERNMENT EMPLOYEES CREDIT UNION,030211553,,,"Not currently rated, Not rated, This organization is not rated",http://www.orlex.com,"5043 US ROUTE 5, NEWPORT, VT, 05855-4543",802-334-5084,To provide thrift savings and borrowing to our members and to provide other financial services,1986,Yes
https://www.charitynavigator.org/ein/030212339,Barstow Memorial School Parent Teacher Assn,030212339,,,"Not currently rated, Not rated, This organization is not rated",,"223 CHITTENDEN RD, CHITTENDEN, VT, 05737-9806",,Mission not available,1954,Yes
https://www.charitynavigator.org/ein/030212407,Blake Memorial Library Association,030212407,86%,3,,http://www.blakememorial.org,"676 VILLAGE ROAD, EAST CORINTH, VT, 05040-0000",802-439-5338,Public Library,1971,No
https://www.charitynavigator.org/ein/030211670,South Londonderry Library Association Inc.,030211670,,,"Not currently rated, Not rated, This organization is not rated",,"PO BOX 95, S LONDONDERRY, VT, 05155-0095",,Mission not available,1981,Yes
https://www.charitynavigator.org/ein/030212039,Northeast Kingdom Human Services Inc.,030212039,96%,4,,http://WWW.NKHS.ORG,"181 CRAWFORD RD, NEWPORT, VT, 05855-6405",802-334-6744,"THE MISSION OF NORTHEAST KINGDOM HUMAN SERVICES, INC. IS TO PROVIDE RESPONSIVE AND EFFICIENT COMMUNITY-BASED, CONSUMER-SENSITIVE, MENTAL HEALTH, SUBSTANCE ABUSE, AND ... (More)",1964,No
https://www.charitynavigator.org/ein/030212434,INTERNATIONAL ASSOCIATION OF MACHINISTS & AEROSPACE WORKERS,030212434,,,"Not currently rated, Not rated, This organization is not rated",,"1548 TWIN BRIDGES RD, DERBY LINE, VT, 05830-8853",,Mission not available,1959,Yes
https://www.charitynavigator.org/ein/030211966,Taftsville Cemetery Association Inc.,030211966,,,"Not currently rated, Not rated, This organization is not rated",,"PO BOX 99, TAFTSVILLE, VT, 05073-0099",,Mission not available,1981,Yes
https://www.charitynavigator.org/ein/030212396,Counseling Service of Addison County Inc.,030212396,96%,4,,http://WWW.CSAC-VT.ORG,"89 MAIN ST, MIDDLEBURY, VT, 05753-1459",802-388-6751,"BEHAVORIAL HEALTH, SUBSTANCE ABUSE AND DEVELOPMENTAL SERVICES",1963,No
https://www.charitynavigator.org/ein/030212493,Bennington County Humane Society Inc.,030212493,76%,3,,http://www.2ndchanceanimalcenter.org,"1779 VT ROUTE 7A, ARLINGTON, VT, 05250-8885",802-375-2898,"PROVIDE COMPASSIONATE SHELTER, CARE AND ADOPTION SERVICES FOR HOMELESS AND UNWANTED ANIMALS. HELPS INDIVIDUALS AND FAMILIES FIND A PET THAT IS AN APPROPRIATE MATCH F ... (More)",1962,No
https://www.charitynavigator.org/ein/030212592,Trustees of the Diocese of Vermont,030212592,,,"Not currently rated, Not rated, This organization is not rated",,"5 ROCK POINT RD, BURLINGTON, VT, 05408-2787",,Mission not available,1964,Yes
https://www.charitynavigator.org/ein/030212593,PROTESTANT EPISCOPAL CHURCH IN THE UNITED STATES OF AMERICA,030212593,,,"Not currently rated, Not rated, This organization is not rated",,"SOUTH STREET, ISLAND POND, VT, 05846-0000",,Mission not available,1940,Yes
https://www.charitynavigator.org/ein/030212595,PROTESTANT EPISCOPAL CHURCH IN THE UNITED STATES OF AMERICA,030212595,,,"Not currently rated, Not rated, This organization is not rated",,"1167 PLEASANT STREET, SHELDON, VT, 05483-0000",,Mission not available,1940,Yes
https://www.charitynavigator.org/ein/030212900,Rutland Area Art Association,030212900,,,"Not currently rated, Not rated, This organization is not rated",http://www.chaffeeartcenter.org,"16 S MAIN ST, RUTLAND, VT, 05701-4136",802-775-0356,"THE MISSION OF THE RUTLAND AREA ART ASSOCIATION, INC IS TO NUTURE THE ESSENTIAL RELATIONSHIP BETWEEN THE ARTS AND OUR COMMUNITY THROUGH EXHIBITION, EDUCATION, AND CO ... (More)",1967,Yes
https://www.charitynavigator.org/ein/030213068,CRESCENT BEACH ASSOCIATION INC,030213068,,,"Not currently rated, Not rated, This organization is not rated",,"PO BOX 3266, BURLINGTON, VT, 05408-3266",,Mission not available,2014,Yes
https://www.charitynavigator.org/ein/030213165,GREEN MOUNTAIN CREDIT UNION,030213165,,,"Not currently rated, Not rated, This organization is not rated",http://www.greenmountaincu.com,"1250 SHELBURNE RD, S BURLINGTON, VT, 05403-7783",802-864-6892,A NOTFORPROFIT FULL SERVICE FINANCIAL INSTITUTION PROVIDING MEMBERS WITH USEFUL COMPETITIVE AND EFFICIENTLY DELIVERED FINANCIAL SERVICES,1987,Yes
https://www.charitynavigator.org/ein/030213226,International Peace Institute Inc.,030213226,100%,4,,http://WWW.IPINST.ORG,"777 UNITED NATIONS PLAZA 4TH FL, NEW YORK, NY, 10017-3521",212-687-4300,"THE INTERNATIONAL PEACE INSTITUTE IS AN INDEPENDENT, NON-PROFIT ORGANIZATION WORKING TO STRENGTHEN INCLUSIVE MULTILATERALISM FOR A MORE PEACEFUL AND SUSTAINABLE PLAN ... (More)",1956,No
https://www.charitynavigator.org/ein/030213265,Burke Parent Teacher Organization Burke Pto,030213265,,,"Not currently rated, Not rated, This organization is not rated",,"3293 BURKE HOLLOW RD, WEST BURKE, VT, 05871-8913",,Mission not available,1965,Yes
https://www.charitynavigator.org/ein/030213309,Northeastern Gospel Crusade Inc.,030213309,,,"Not currently rated, Not rated, This organization is not rated",,"LOCAL, ST JOHNSBURY, VT, 05819-0000",,Mission not available,1962,Yes
https://www.charitynavigator.org/ein/030213347,BARRE AREA DEVELOPMENT INC,030213347,,,"Not currently rated, Not rated, This organization is not rated",,"PO BOX 265, BARRE, VT, 05641-0265",,Mission not available,1963,Yes
https://www.charitynavigator.org/ein/030213460,FREE & ACCEPTED MASONS OF VERMONT,030213460,,,"Not currently rated, Not rated, This organization is not rated",,"PO BOX 63, WOODSTOCK, VT, 05091-0063",,Mission not available,1940,Yes
https://www.charitynavigator.org/ein/030213310,Ronald N Terrill Memorial Fund Inc.,030213310,,,"Not currently rated, Not rated, This organization is not rated",,"PO BOX 632, MORRISVILLE, VT, 05661-0632",,Mission not available,1965,Yes
https://www.charitynavigator.org/ein/030213501,NATIONAL SOCIETY OF THE DAUGHTERS OF THE AMERICAN REVOLUTION,030213501,,,"Not currently rated, Not rated, This organization is not rated",,"PO BOX 188, BRIDPORT, VT, 05734-0188",,Mission not available,1949,Yes
https://www.charitynavigator.org/ein/030213535,Lyndon Outing Club Inc.,030213535,,,"Not currently rated, Not rated, This organization is not rated",,"PO BOX 112, LYNDONVILLE, VT, 05851-0112",,Mission not available,2023,Yes
https://www.charitynavigator.org/ein/030213537,VERMONT AUTOMOBILE DEALERS ASSOCIATION,030213537,,,"Not currently rated, Not rated, This organization is not rated",http://www.vermontada.org,"1284 US ROUTE 302 STE 2, BARRE, VT, 05641-2317",802-461-2655,"VADA offers its members the opportunity for mutual advancement and the protection of their respective businesses in state and federal legislative, regulatory arenas ... (More)",1967,Yes
https://www.charitynavigator.org/ein/030213578,VERMONT MAPLE SUGAR MAKERS ASSOCIATION INC,030213578,,,"Not currently rated, Not rated, This organization is not rated",http://WWW.VERMONTMAPLE.ORG,"PO BOX 83, WESTFORD, VT, 05494-0083",,RESEARCH AND PROMOTION OF THE MAPLE INDUSTRY.,1986,Yes
https://www.charitynavigator.org/ein/030213653,ITALIAN AID SOCIETY INC,030213653,,,"Not currently rated, Not rated, This organization is not rated",,"PO BOX 6491, RUTLAND, VT, 05702-6491",,Mission not available,1994,Yes
https://www.charitynavigator.org/ein/030213935,THE VERMONT INSURANCE AGENTS ASSOCIATION INC,030213935,,,"Not currently rated, Not rated, This organization is not rated",http://www.viaa.org,"600 BLAIR PARK RD STE 100, WILLISTON, VT, 05495-7550",802-229-5884,"To promote and represent the common business interest of independent insurance agents within industry and before government and the public, consistent with the best ... (More)",1952,Yes
https://www.charitynavigator.org/ein/030214082,Vermont Congregational Home Inc.,030214082,71%,2,,,"4717 MAIN ST S, NEWBURY, VT, 05051-9711",802-866-5582,Retirement Home Operation of Church sponsored retirement home with 13 rooms and care for up to 15 residents,1965,No
https://www.charitynavigator.org/ein/030214278,AMERICAN LEGION,030214278,,,"Not currently rated, Not rated, This organization is not rated",,"PO BOX 11, GILMAN, VT, 05904-0011",,Mission not available,1963,Yes
https://www.charitynavigator.org/ein/030214294,Meeting Waters YMCA,030214294,100%,4,,http://WWW.MEETINGWATERSYMCA.ORG,"PO BOX 511, BELLOWS FALLS, VT, 05101-0511",802-463-4769,"BUILDING STRONG COMMUNITIES BY INSPIRING ALL TO DEVELOP HEALTHY SPIRIT, MIND AND BODY. WE ENVISION COMMUNITIES WHERE PEOPLE OF ALL AGES; EMBODY THE VALUES OF CARING, ... (More)",1968,No
https://www.charitynavigator.org/ein/030214324,Kinhaven Music School Inc.,030214324,37%,,,http://WWW.KINHAVEN.ORG,"6 ELBERTA RD, MAPLEWOOD, NJ, 07040-1806",973-378-5854,"KINHAVEN OFFERS JOYOUS AND RIGOROUS MUSIC-MAKING EDUCATION TO ACCOMPLISHED YOUTH AND ADULTS IN A NURTURING, NONCOMPETITIVE, AND COLLABORATIVE ENVIRONMENT.",1964,No
https://www.charitynavigator.org/ein/030214348,Central Vermont Arc,030214348,,,"Not currently rated, Not rated, This organization is not rated",,"PO BOX 751, MONTPELIER, VT, 05601-0751",,Mission not available,1955,Yes
https://www.charitynavigator.org/ein/030214632,The YWCA of Vermont Inc.,030214632,92%,4,,,"34 HOCHELAGA RD, SOUTH HERO, VT, 05486-4807",802-862-7520,"YWCA VERMONT IS DEDICATED TO ELIMINATING RACISM, EMPOWERING WOMEN, AND PROMOTING PEACE, JUSTICE, FREEDOM, AND DIGNITY FOR ALL.",1976,No
https://www.charitynavigator.org/ein/030215471,KNIGHTS OF ST FRANCIS INC,030215471,,,"Not currently rated, Not rated, This organization is not rated",,"2 MCKENZIE DR, WINDSOR, VT, 05089-1329",,Mission not available,2000,Yes
https://www.charitynavigator.org/ein/030215580,VERMONT FUEL DEALERS ASSOCIATION,030215580,,,"Not currently rated, Not rated, This organization is not rated",http://WWW.VERMONTFUEL.COM,"963 PAINE TURNPIKE NORTH UNIT 3-D, BERLIN, VT, 05602-9103",802-230-7422,THE PROMOTION AND IMPROVEMENT OF THE OIL HEAT INDUSTRY THROUGHOUT VERMONT.,1965,Yes
https://www.charitynavigator.org/ein/030215644,BENEVOLENT & PROTECTIVE ORDER OF ELKS OF THE USA,030215644,,,"Not currently rated, Not rated, This organization is not rated",,"3736 US ROUTE 5, DERBY, VT, 05829-0000",802-766-8838,"TO PROVIDE SUPPORT TO AREA CHARITIES AND CHILDREN, AND A CAMP FOR HANDICAPPED PERSONS.",1972,Yes
https://www.charitynavigator.org/ein/030215707,Thetford Volunteer Fire Department Inc.,030215707,90%,4,,,"2829 ROUTE 113, THETFORD CTR, VT, 05075-9067",802-333-4484,Fire protection and rescue services,2010,No
https://www.charitynavigator.org/ein/030215891,Jamaica Volunteer Fire & Rescue Inc.,030215891,,,"Not currently rated, Not rated, This organization is not rated",,"PO BOX 285, JAMAICA, VT, 05343-0285",,Mission not available,1968,Yes
https://www.charitynavigator.org/ein/030215872,Washington County Mental Health Services Inc.,030215872,96%,4,,http://WWW.WCMHS.ORG,"PO BOX 647, MONTPELIER, VT, 05601-0647",802-229-1399,WASHINGTON COUNTY MENTAL HEALTH SERVICES ADVOCATES INCLUSION OF ALL PERSONS INTO OUR COMMUNITY AND ACTIVELY ENCOURAGES SELF-DETERMINATION AND RECOVERY BY SERVING IND ... (More),1968,No
https://www.charitynavigator.org/ein/030215947,BARRE RIFLE AND PISTOL CLUB INC,030215947,,,"Not currently rated, Not rated, This organization is not rated",,"PO BOX 252, BARRE, VT, 05641-0252",,Mission not available,1974,Yes
https://www.charitynavigator.org/ein/030215982,Richford Health Center Inc.,030215982,95%,4,,http://WWW.NOTCHVT.ORG,"44 MAIN ST STE 200, RICHFORD, VT, 05476-1141",802-255-5562,"TO PROMOTE, PRESERVE AND RESTORE THE HEALTH OF PERSONS RESIDING IN NORTHWESTERN VERMONT.",1994,No
https://www.charitynavigator.org/ein/030216177,Solomon Wright Public Library Corporation,030216177,,,"Not currently rated, Not rated, This organization is not rated",,"PO BOX 400, POWNAL, VT, 05261-0400",,Mission not available,2023,Yes
https://www.charitynavigator.org/ein/030216221,Wardsboro Volunteer Fire Department Inc.,030216221,,,"Not currently rated, Not rated, This organization is not rated",,"PO BOX 151, WARDSBORO, VT, 05355-0151",,Mission not available,2017,Yes
https://www.charitynavigator.org/ein/030216254,Capstone Community Action Inc.,030216254,96%,4,,http://WWW.CAPSTONEVT.ORG,"20 GABLE PL, BARRE, VT, 05641-4138",802-479-1053,WE ARE DEDICATED TO CREATING RESILIENT HOUSEHOLDS AND COMMUNITIES AND TO ADVANCING JUSTICE INSOCIAL ECONOMIC AND ENVIRONMENTAL POLICY. WE EMPOWER INDIVIDUALS WITH TH ... (More),1965,No
https://www.charitynavigator.org/ein/030216589,Vermont Student Assistance Corp,030216589,,,"Not currently rated, Not rated, This organization is not rated",,"PO BOX 2000, WINOOSKI, VT, 05404-2601",,Mission not available,1973,Yes
https://www.charitynavigator.org/ein/030216400,Vermont Golf Association Scholarship Fund Inc.,030216400,73%,2,,http://VGASF.ORG,"145 PINE HAVEN SHORES RD STE 2172, SHELBURNE, VT, 05482-7815",802-497-3897,STUDENT GOLF SCHOLARSHIPS,1965,No
https://www.charitynavigator.org/ein/030216505,Broc-Community Action in Southwestern Vermont,030216505,87%,3,,http://WWW.BROC.ORG,"45 UNION ST, RUTLAND, VT, 05701-3956",802-775-0878,"PROVIDING HOPE, OPPORTUNITY AND A PATH FORWARD OUT OF CRISIS OR POVERTY, SO OUR NEIGHBORS AND COMMUNITIES THRIVE.",1972,No
https://www.charitynavigator.org/ein/030216740,Southeastern Vermont Community Action Inc.,030216740,96%,4,,http://WWW.SEVCA.ORG,"91 BUCK DR, WESTMINSTER, VT, 05158-9618",802-722-4575,"TO ENABLE PEOPLE TO COPE WITH, AND REDUCE THE HARDSHIPS OF POVERTY; CREATE SUSTAINABLE SELF-SUFFICIENCY; AND REDUCE THE CAUSES AND MOVE TOWARD THE ELIMINATION OF POV ... (More)",1976,No
https://www.charitynavigator.org/ein/030216837,Champlain Valley Office of Economic Opportunity Inc.,030216837,96%,4,,http://WWW.CVOEO.ORG,"255 S CHAMPLAIN ST STE 2, BURLINGTON, VT, 05401-7702",802-287-7971,"CVOEO ADDRESSES FUNDAMENTAL ISSUES OF ECONOMIC, SOCIAL, AND RACIAL JUSTICE AND WORKS WITH PEOPLE TO ACHIEVE ECONOMIC INDEPENDENCE.",1966,No
https://www.charitynavigator.org/ein/030216885,Ludlow Volunteer Fire Fighters Inc.,030216885,,,"Not currently rated, Not rated, This organization is not rated",,"C/O RONALD BIXBY PO BOX 355, LUDLOW, VT, 05149-0000",,Mission not available,1995,Yes
https://www.charitynavigator.org/ein/030216980,Norwich Nursery School Inc.,030216980,,,"Not currently rated, Not rated, This organization is not rated",,"PO BOX 126, NORWICH, VT, 05055-0126",,Mission not available,1967,Yes
https://www.charitynavigator.org/ein/030217066,Central Vermont Humane Society Inc.,030217066,83%,3,,http://WWW.CENTRALVERMONTHUMANE.ORG,"1589 VT Rte 14 South, East Montpelier, VT, 05651, Mail donations to:, 1589 VT Rte 14 South, East Montpelier, VT, 05651",802-476-3811,"Central Vermont Humane Society envisions a time when all companion animals are wanted, cared for, and loved. Guided by the Five Freedoms of Animal Welfare, our missi ... (More)",1966,No
https://www.charitynavigator.org/ein/030217226,Waterbury Town Firefighters Association Inc.,030217226,,,"Not currently rated, Not rated, This organization is not rated",,"28 N MAIN STREET, WATERBURY, VT, 05676-1877",,Mission not available,1974,Yes
https://www.charitynavigator.org/ein/030217237,Evergreen Cemetery Association New Haven,030217237,,,"Not currently rated, Not rated, This organization is not rated",,"4674 RIVER RD, NEW HAVEN, VT, 05472-3018",,Mission not available,1965,Yes
https://www.charitynavigator.org/ein/030217229,United Way of Northwest Vermont,030217229,97%,4,,http://www.unitedwaynwvt.org/,"412 Farrell Street, Suite 200, South Burlington, VT, 05403",802-864-7541,United Way of Northwest Vermont unites our whole community to solve complex problems and harness the power of people to create a stronger region. We proudly serve Ch ... (More),1966,No
https://www.charitynavigator.org/ein/030217301,Sky Acres Inc.,030217301,,,"Not currently rated, Not rated, This organization is not rated",,"106 LYMAN RD, BARRE, VT, 05641-9784",,Mission not available,1973,Yes
https://www.charitynavigator.org/ein/030217486,Camp Downer Inc.,030217486,73%,2,,http://WWW.CAMPDOWNER.COM,"70 S WINOOKSI AVE 196, BURLINGTON, VT, 05401-3898",802-763-7007,TO PROVIDE AN AFFORDABLE SUMMER CAMPING EXPERIENCE TO CHILDREN AGES 8 TO 17.,1967,No
https://www.charitynavigator.org/ein/030217780,Green Mountain Camp Inc.,030217780,76%,3,,http://www.greenmountaincamp.com,"565 GREEN MOUNTAIN CAMP RD, DUMMERSTON, VT, 05301-9687",802-257-1751,"To provide girls a camp experience that encourages girl power, self confidence, independence.",1942,No
https://www.charitynavigator.org/ein/030217863,MAGIC VILLAGE COOPERATIVE CORPORATION,030217863,,,"Not currently rated, Not rated, This organization is not rated",,"57 BEECH RD, LONDONDERRY, VT, 05148-9645",,Mission not available,1969,Yes
https://www.charitynavigator.org/ein/030218051,STOWE TENNIS CLUB INC,030218051,,,"Not currently rated, Not rated, This organization is not rated",http://STOWETENNISCLUB.COM,"PO BOX 1417, STOWE, VT, 05672-1417",,PROVIDE AND MAINTAIN TENNIS COURTS SWIMMING POOL AND CLUBHOUSE TO PROVIDE RECREATIONAL ACTIVITIES FOR MEMBERS AND GUESTS,1967,Yes
https://www.charitynavigator.org/ein/030218096,American Precision Museum,030218096,77%,3,,http://americanprecision.org,"196 Main Street, Windsor, VT, 05089-1312, Mail donations to:, PO Box 679, Windsor, VT, 05089",802-674-5781,"We engage audiences in the stories of human ingenuity through the lens of manufacturing â€”learning from
yesterday, exploring today, and imagining tomorrow.",1966,No
https://www.charitynavigator.org/ein/030218483,Weybridge Cemetery Association Inc.,030218483,,,"Not currently rated, Not rated, This organization is not rated",,"2141 JAMES RD, WEYBRIDGE, VT, 05753-9525",,Mission not available,1968,Yes
https://www.charitynavigator.org/ein/030218183,Lake Bomoseen Assn Inc.,030218183,,,"Not currently rated, Not rated, This organization is not rated",,"PO BOX 655, CASTLETON, VT, 05735-0655",,Mission not available,2022,Yes
https://www.charitynavigator.org/ein/030218115,Vermont Council on the Arts Inc.,030218115,85%,3,,http://WWW.VERMONTARTSCOUNCIL.ORG,"136 STATE ST, MONTPELIER, VT, 05602-2704",802-828-3291,ADVANCE AND PRESERVE THE ARTS AT THE CENTER OF VERMONT COMMUNITIES.,1967,No
https://www.charitynavigator.org/ein/030218246,VERMONT ELECTRICAL CONTRACTORS ASSOCIATION INC,030218246,,,"Not currently rated, Not rated, This organization is not rated",,"C/O AGC 1 GRAVES STREET, MONTPELIER, VT, 05602-0000",,Mission not available,1966,Yes
https://www.charitynavigator.org/ein/030218615,VERMONT ASSOCIATION OF HOSPITALS AND HEALTH SYSTEMS INC,030218615,,,"Not currently rated, Not rated, This organization is not rated",http://WWW.VAHHS.ORG,"148 MAIN ST, MONTPELIER, VT, 05602-2913",802-223-3461,"AS A COLLABORATIVE VOICE AND TRUSTED PARTNER, ADVANCE INITIATIVES TO SUPPORT PROVIDERS AND PATIENTS AND BUILD HEALTHY COMMUNITIES.",1974,Yes
https://www.charitynavigator.org/ein/030218716,Elmhill Inc.,030218716,77%,3,,http://MAPLEHILLSCHOOLANDFARM.ORG,"PO BOX 248, PLAINFIELD, VT, 05667-0248",802-454-7747,"TO PROVIDE REAL-WORLD EDUCATIONAL EXPERIENCES WHERE STUDENTS AND ADULTS GAIN PRACTICAL SKILLS AND PERSONAL SUCCESSES. THROUGH THE ACQUISITION OF ACADEMIC, VOCATIONAL ... (More)",1967,No
https://www.charitynavigator.org/ein/030219092,Burr Pond Association,030219092,,,"Not currently rated, Not rated, This organization is not rated",,"127 APPLESEED RD, SUDBURY, VT, 05733-9655",,Mission not available,2016,Yes
https://www.charitynavigator.org/ein/030219169,Wilder Club & Library Inc.,030219169,,,"Not currently rated, Not rated, This organization is not rated",,"PO BOX 1928, WILDER, VT, 05088-0000",,Mission not available,1968,Yes
https://www.charitynavigator.org/ein/030219309,University of Vermont Medical Center Inc.,030219309,96%,4,,http://WWW.UVMHEALTH.ORG/MEDCENTER,"111 COLCHESTER AVE, BURLINGTON, VT, 05401-1473",802-847-5959,"TO IMPROVE THE HEALTH OF THE PEOPLE IN THE COMMUNITIES WE SERVE BY INTEGRATING PATIENT CARE, EDUCATION, AND RESEARCH IN A CARING ENVIRONMENT.",1968,No
https://www.charitynavigator.org/ein/030219366,Vermont Legal Aid Inc.,030219366,96%,4,,http://WWW.VTLEGALAID.ORG,"264 N WINOOSKI AVE, BURLINGTON, VT, 05401-3621",800-889-2047,"VERMONT LEGAL AID PROVIDES FREE CIVIL LEGAL SERVICES TO PEOPLE THROUGHOUT VERMONT WHO ARE POOR, ELDERLY, OR HAVE DISABILITIES AND WHO WOULD OTHERWISE BE DENIED JUSTI ... (More)",1967,No
https://www.charitynavigator.org/ein/030219391,DELTA DENTAL PLAN OF VERMONT INC,030219391,,,"Not currently rated, Not rated, This organization is not rated",http://www.nedelta.com,"PO BOX 2002, CONCORD, NH, 03302-2002",603-223-1000,Provide programs of dental care,1969,Yes
https://www.charitynavigator.org/ein/030219493,LEAGUE OF WOMEN VOTERS OF VERMONT,030219493,,,"Not currently rated, Not rated, This organization is not rated",,"POST OFFICE BOX 1391, MONTPELIER, VT, 05601-0000",,Mission not available,1965,Yes
https://www.charitynavigator.org/ein/030219658,Lamoille County Mental Health Service,030219658,94%,4,,,"72 HARREL ST, MORRISVILLE, VT, 05661-8526",802-888-5026,"LAMOILLE COUNTY MENTAL HEALTH SERVICES IS A NONPROFIT ORGANIZATION PROVIDING QUALITY DEVELOPMENTAL AND BEHAVIORAL HEALTH TO THE LAMOILLE VALLEY AREA, ENHANCING INDEP ... (More)",1968,No
https://www.charitynavigator.org/ein/030219665,Council for Cooperative Christian Ministry at the University of Verm,030219665,,,"Not currently rated, Not rated, This organization is not rated",,"PO BOX 5360, BURLINGTON, VT, 05402-5360",,Mission not available,1975,Yes
https://www.charitynavigator.org/ein/030220006,KNIGHTS TEMPLAR EDUCATIONAL FOUNDATION OF THE GRAND ENCAMPMENT,030220006,,,"Not currently rated, Not rated, This organization is not rated",,"17 TUTTLE MEADOW DR, RUTLAND, VT, 05701-2544",,Mission not available,1964,Yes
https://www.charitynavigator.org/ein/030220482,ST JOHNSBURY LODGE 1779 LOYAL ORDER OF MOOSE,030220482,,,"Not currently rated, Not rated, This organization is not rated",,"2388 PORTLAND ST, ST JOHNSBURY, VT, 05819-8689",,Mission not available,2024,Yes
https://www.charitynavigator.org/ein/030220594,Coutts-Moriarty Camp Inc.,030220594,73%,2,,,"PO BOX 565, DERBY, VT, 05829-0565",802-673-5638,Coutts-Moriarty is a provider of overnight summer camp for youth and educational opportunities to school children.,1946,No
https://www.charitynavigator.org/ein/030220781,American Museum of Fly Fishing Inc.,030220781,78%,3,,http://WWW.AMFF.ORG,"PO BOX 42, MANCHESTER, VT, 05254-0042",802-362-3300,"THE AMERICAN MUSEUM OF FLY FISHING IS THE STEWARD OF THE HISTORY, TRADITIONS, AND PRACTICES OF THE SPORT OF FLY FISHING AND PROMOTES THE CONSERVATION OF ITS WATERS. ... (More)",1968,No
https://www.charitynavigator.org/ein/030220828,LAKEWOOD ESTATE BEACH CLUB INC,030220828,,,"Not currently rated, Not rated, This organization is not rated",,"PO BOX 3253, BURLINGTON, VT, 05408-3253",,Mission not available,1969,Yes
https://www.charitynavigator.org/ein/030220266,Champlain College Inc.,030220266,96%,4,,http://WWW.CHAMPLAIN.EDU,"PO BOX 670, BURLINGTON, VT, 05402-0670",802-860-2700,"CHAMPLAIN COLLEGE EDUCATES STUDENTS TO BE READY FOR WORK, READY FOR LIFE AND READY TO MAKE A DIFFERENCE.",1968,No
https://www.charitynavigator.org/ein/030220275,UNITED METHODIST CHURCH AND ITS AFFILIATED ORGANIZATIONS,030220275,,,"Not currently rated, Not rated, This organization is not rated",,"356 BELLE VISTA RD, NORTH TROY, VT, 05859-9663",,Mission not available,1971,Yes
https://www.charitynavigator.org/ein/030220733,Clara Martin Center Inc.,030220733,96%,4,,,"PO BOX G, RANDOLPH, VT, 05060-0167",802-728-4466,"PROVIDE MENTAL HEALTH AND SUBSTANCE ABUSE SERVICES TO RESIDENTS OF ORANGE COUNTY, VERMONT.",1970,No
https://www.charitynavigator.org/ein/030220315,CALAIS COMMUNITY RECREATION ASSOCIATION INC,030220315,,,"Not currently rated, Not rated, This organization is not rated",,"86 BALENTINE RD, EAST CALAIS, VT, 05650-4425",,Mission not available,1968,Yes
https://www.charitynavigator.org/ein/030220884,Westmore Association Inc.,030220884,,,"Not currently rated, Not rated, This organization is not rated",,"PO BOX 143, ORLEANS, VT, 05860-0143",,Mission not available,2008,Yes
https://www.charitynavigator.org/ein/030220977,Northshire Day School Inc.,030220977,73%,2,,http://www.northshiredayschool.org,"5484 MAIN ST, MANCHESTR CTR, VT, 05255-9481",802-362-1395,"The Northshire Day School is a 5 STAR, licensed non-profit early childhood education program which serves regional families with children zero to five.",1968,No
https://www.charitynavigator.org/ein/030220978,BENSON FISH AND GAME CLUB INC,030220978,,,"Not currently rated, Not rated, This organization is not rated",,"PO BOX 44, FAIR HAVEN, VT, 05743-0044",,Mission not available,2014,Yes
https://www.charitynavigator.org/ein/030221142,The Woodstock Foundation Inc.,030221142,81%,3,,http://WWW.BILLINGSFARM.ORG,"PO BOX 489, WOODSTOCK, VT, 05091-0489",802-457-2355,"THE WOODSTOCK FOUNDATION SUPPORTS CULTURAL HERITAGE AND HISTORIC PRESERVATION EFFORTS, INCLUDING CONTRIBUTING TO THE PRESERVATION AND CONSERVATION OF LOCAL NATIONAL ... (More)",1968,No
https://www.charitynavigator.org/ein/030220979,Park McCullough House Assoc Inc.,030220979,43%,,,http://WWW.PARKMCCULLOUGH.ORG,"1 PARK STREET, NORTH BENNINGTON, VT, 05257-0000",802-442-5411,"THE PARK MCCULLOUGH HOUSE IS COMMITTED TO THE PRESERVATION, CONSERVATION AND RESTORATION OF ITS BUILDINGS, GROUNDS AND COLLECTIONS TO BE SHARED WITH THE PUBLIC FOR I ... (More)",1969,No
https://www.charitynavigator.org/ein/030221018,United Way of Addison County,030221018,100%,4,,http://www.unitedwayaddisoncounty.org/,"175 Wilson Road, Suite 101, P.O. Box 555, Middlebury, VT, 05753",802-388-7189,"Founded in 1968, United Way of Addison County funds non-profit health and human service agencies and programs that enrich the lives of those who live and work in Add ... (More)",1968,No
https://www.charitynavigator.org/ein/030220925,Rescue Inc.,030220925,96%,4,,http://WWW.RESCUEINC.ORG,"541 CANAL ST, BRATTLEBORO, VT, 05301-6624",802-257-7679,"TO SERVE AS A KEY COMPONENT OF OUR RURAL HEALTHCARE SYSTEM AND TO PROVIDE THE HIGHEST QUALITY, RISK APPROPRIATE, RAPID RESPONSE EMERGENCY MEDICAL CARE AND TRANSPORTA ... (More)",1966,No
https://www.charitynavigator.org/ein/030221112,CHARLOTTE MORRIS PAST MATRONS & PAST PATRONS ASSN OF VERMONT,030221112,,,"Not currently rated, Not rated, This organization is not rated",,"2468 SILVER ST, HINESBURG, VT, 05461-9457",,Mission not available,1972,Yes
https://www.charitynavigator.org/ein/030221240,KIWANIS INTERNATIONAL INC,030221240,,,"Not currently rated, Not rated, This organization is not rated",,"PO BOX 724, BARRE, VT, 05641-0724",,Mission not available,1940,Yes
https://www.charitynavigator.org/ein/030221314,Saxon Hill School Inc.,030221314,76%,3,,http://WWW.SAXONHILLSCHOOL.ORG,"PO BOX 68, JERICHO, VT, 05465-0068",802-899-3832,SAXON HILL SCHOOL IS COMMITTED TO WORKING IN PARTNERSHIP WITH FAMILIES AND COMMUNITIES TO EDUCATE AND SUPPORT CHILDREN WHILE HEEDING THEIR INDIVIDUAL NEEDS FOR GROWT ... (More),1968,No
https://www.charitynavigator.org/ein/030221316,SPERRY SKI CLUB,030221316,,,"Not currently rated, Not rated, This organization is not rated",,"PO BOX 243, HOLBROOK, NY, 11741-0243",,Mission not available,1970,Yes
https://www.charitynavigator.org/ein/030221321,ROCKY RIDGE HOMEOWNERS ASSOCIATION INC,030221321,,,"Not currently rated, Not rated, This organization is not rated",,"22 E RIDGE TER, RUTLAND, VT, 05701-9142",,Mission not available,1969,Yes
https://www.charitynavigator.org/ein/030221341,The Fold Inc.,030221341,40%,,,,"949 MCGOFF HL, LYNDONVILLE, VT, 05851-9040",,ELEVATION CHRISTIAN ACADEMY PROVIDES A NUTURING DAY SCHOOL ENVIRONMENT FOR AT-RISK YOUTH BETWEEN THE AGES OF 11 AND 17.,1968,No
https://www.charitynavigator.org/ein/030221343,Isle La Motte Volunteer Fire Company Inc.,030221343,,,"Not currently rated, Not rated, This organization is not rated",,"PO BOX 125, ISLE LA MOTTE, VT, 05463-0125",,Mission not available,2014,Yes
https://www.charitynavigator.org/ein/030221350,AMERICAN ACADEMY OF FAMILY PHYSICIANS,030221350,,,"Not currently rated, Not rated, This organization is not rated",,"134 MAIN ST, MONTPELIER, VT, 05602-2913",,Mission not available,1950,Yes
https://www.charitynavigator.org/ein/030221375,WASHINGTON COUNTY FARM BUREAU ASSOCIATION,030221375,,,"Not currently rated, Not rated, This organization is not rated",,"117 W MAIN ST, RICHMOND, VT, 05477-4451",,Mission not available,1935,Yes
https://www.charitynavigator.org/ein/030221525,LAMOILLE ECONOMIC DEVELOPMENT CORPORATION INC,030221525,,,"Not currently rated, Not rated, This organization is not rated",http://WWW.LAMOILLEECONOMY.ORG,"PO BOX 455, MORRISVILLE, VT, 05661-0455",802-888-5640,LEDC'S MISSION IS TO STRENGTHEN LAMOILLE COUNTY'S ECONOMY THROUGH FACILITATING THE CREATION AND EXPANSION OF JOBS AND BUSINESSES AND INVESTING IN THE PROSPERITY OF L ... (More),2024,Yes
https://www.charitynavigator.org/ein/030221568,Louise Breason May Foundation Inc.,030221568,,,"Not currently rated, Not rated, This organization is not rated",,"7492 SPEAR ST, SHELBURNE, VT, 05482-6573",,Mission not available,2014,Yes
https://www.charitynavigator.org/ein/030221585,Bromley Outing Club Inc.,030221585,88%,3,,http://BROMLEYOUTINGCLUB.COM,"PO BOX 775, MANCHESTER, VT, 05254-0775",802-824-6498,"TO PROMOTE A LIFE-LONG APPRECIATION OF OUTDOOR SPORTS FOR PEOPLE OF ALL AGES AND ECONOMIC BACKGROUNDS THROUGH RECREATIONAL, EDUCATIONAL AND COMPETITIVE PROGRAMS AND ... (More)",2014,No
https://www.charitynavigator.org/ein/030221692,Hard Ack Inc.,030221692,80%,3,,,"PO BOX 867, ST ALBANS, VT, 05478-0867",,"TO PROVIDE RECREATION TO FRANKLIN COUNTY, VERMONT RESIDENTS THROUGH SKIING, SNOWBOARD, SLIDING, WILDERNESS TRAILS AND SPORTS FIELDS.",1969,No
https://www.charitynavigator.org/ein/030221930,AMERICAN CIVIL LIBERTIES UNION,030221930,,,"Not currently rated, Not rated, This organization is not rated",http://www.acluvt.org,"PO BOX 277, MONTPELIER, VT, 05601-0277",802-223-6304,The ACLU of Vermont is a membership organization that protects civil liberties.,1970,Yes
https://www.charitynavigator.org/ein/030221811,Queen City Tango Inc.,030221811,,,"Not currently rated, Not rated, This organization is not rated",,"132 WHISPERING PNES UNIT 1, COLCHESTER, VT, 05446-3991",,Mission not available,1969,Yes
https://www.charitynavigator.org/ein/030221945,CHILD EVANGELISM FELLOWSHIP INC,030221945,,,"Not currently rated, Not rated, This organization is not rated",,"PO BOX 851, WEST RUTLAND, VT, 05777-0851",,Mission not available,1956,Yes
https://www.charitynavigator.org/ein/030222004,HIGHLAND BEACH ASSOCIATION INC,030222004,,,"Not currently rated, Not rated, This organization is not rated",,"PO BOX 554, WALLINGFORD, VT, 05773-0554",,Mission not available,2014,Yes
https://www.charitynavigator.org/ein/030222134,Vermont Symphony Orchestra Inc.,030222134,81%,3,,http://WWW.VSO.ORG,"2 CHURCH ST STE 3B, BURLINGTON, VT, 05401-4457",802-864-5741,THE VERMONT SYMPHONY ORCHESTRA FOSTERS AND ENCOURAGES THE LOVE OF MUSIC THROUGHOUT VERMONT.,1939,No
https://www.charitynavigator.org/ein/030222193,CALVARY BAPTIST CHURCH,030222193,,,"Not currently rated, Not rated, This organization is not rated",,"156 MAIN ST, SPRINGFIELD, VT, 05156-3510",,Mission not available,1955,Yes
https://www.charitynavigator.org/ein/030222194,LUDLOW DEVELOPMENT CORPORATION,030222194,,,"Not currently rated, Not rated, This organization is not rated",,"PO BOX 195, LUDLOW, VT, 05149-0195",,Mission not available,1970,Yes
https://www.charitynavigator.org/ein/030222208,LAMOILLE COUNTY CIVIC ASSOCIATION,030222208,,,"Not currently rated, Not rated, This organization is not rated",,"PO BOX 844, MORRISVILLE, VT, 05661-0844",,Mission not available,1991,Yes
https://www.charitynavigator.org/ein/030222223,Craftsbury Academy Corporation,030222223,60%,2,,,"PO BOX 667, MORRISVILLE, VT, 05661-0667",802-888-6600,ENDOWMENT TO CRAFTSBURY SCHOOL,1973,No
https://www.charitynavigator.org/ein/030222424,Northern Vermont Artist Association Inc.,030222424,,,"Not currently rated, Not rated, This organization is not rated",,"PO BOX 274, WINOOSKI, VT, 05404-0274",,Mission not available,1972,Yes
https://www.charitynavigator.org/ein/030222966,Randolph Community Pre-School,030222966,,,"Not currently rated, Not rated, This organization is not rated",,"35 AYERS BROOK RD, RANDOLPH, VT, 05060-1040",,Mission not available,1982,Yes
https://www.charitynavigator.org/ein/030223172,BURLINGTON EDUCATION ASSOC INC,030223172,,,"Not currently rated, Not rated, This organization is not rated",,"1271 NORTH AVE, BURLINGTON, VT, 05408-2665",,Mission not available,1973,Yes
https://www.charitynavigator.org/ein/030222789,Sunrise Family Resource Center Inc.,030222789,95%,4,,http://www.sunrisefamilyresourcecenter.com,"244 UNION ST, BENNINGTON, VT, 05201-2407",802-442-6934,To create and support a statewide network of designated family-centered programs in order to help all families get off to a healthy start. The goal of Sunrise is to ... (More),1969,No
https://www.charitynavigator.org/ein/030223187,VERMONT JOINT APPRENTICESHIP & TRAINING COMMITTEE,030223187,,,"Not currently rated, Not rated, This organization is not rated",,"3 GREGORY DR, S BURLINGTON, VT, 05403-6061",802-479-3044,TO PROVIDE SUPPORT FOR THE EDUCATIONAL AND TRAINING PROGRAM FOR ELECTRICAL APPRENTICES AND JOURNEYMEN IN VERMONT.,1971,Yes
https://www.charitynavigator.org/ein/030222961,Dailey Memorial Library,030222961,43%,,,http://www.daileymemoriallibrary.org,"101 JUNIOR HIGH DRIVE, DERBY, VT, 05829-0000",,Free Public Library,2004,No
https://www.charitynavigator.org/ein/030223222,Vermont Interfaith Action Inc.,030223222,76%,3,,http://WWW.VIAVT.ORG,"152 PEARL ST, BURLINGTON, VT, 05401-3703",802-651-8889,"VERMONT INTERFAITH ACTION IS A FAITH-BASED, GRASSROOTS COALITION OF CONGREGATIONS THAT TRANSFORMS ORDINARY PEOPLE INTO EMPOWERED AND ENGAGED CITIZENS. OUR GOAL IS TO ... (More)",1974,No
https://www.charitynavigator.org/ein/030222941,Planned Parenthood of Northern New England,030222941,100%,4,,http://www.ppnne.org,"784 Hercules Dr, Suite 110, Colchester, VT, 05446",800-287-8188,Planned Parenthood of Northern New England (PPNNE) is the largest reproductive health care and sexuality education provider and advocate in northern New England. PPN ... (More),1969,No
https://www.charitynavigator.org/ein/030223268,Vermont Higher Educational Council Inc.,030223268,,,"Not currently rated, Not rated, This organization is not rated",,"PO BOX 1072, MONTPELIER, VT, 05601-1072",,Mission not available,1973,Yes
https://www.charitynavigator.org/ein/030223499,Middletown Springs Historical Society Inc.,030223499,,,"Not currently rated, Not rated, This organization is not rated",,"PO BOX 1121, MIDDLETWN SPG, VT, 05757-1121",,Mission not available,1970,Yes
https://www.charitynavigator.org/ein/030223731,Vermont Natural Resources Council,030223731,90%,4,,http://www.vnrc.org/,"Nine Bailey Avenue, Montpelier, VT, 05602",802-223-2328,"For over 40 years, Vermont Natural Resources Council (VNRC) has been Vermont's leader in protecting and restoring our natural resources. By building coalitions, work ... (More)",1970,No
https://www.charitynavigator.org/ein/030223823,GOOD SHEPHERD LUTHERAN CHURCH AND LITTLE LAMBS,030223823,,,"Not currently rated, Not rated, This organization is not rated",,"6 CHURCH HILL RD, RUTLAND, VT, 05701-3364",,Mission not available,1987,Yes
https://www.charitynavigator.org/ein/030223860,SOUTHERN VERMONT BOARD OF REALTORS INC,030223860,,,"Not currently rated, Not rated, This organization is not rated",,"PO BOX 1284, MONTPELIER, VT, 05601-1284",,Mission not available,1972,Yes
https://www.charitynavigator.org/ein/030223970,East Lyndon Chapel,030223970,,,"Not currently rated, Not rated, This organization is not rated",,"3085 RED VILLAGE RD, LYNDONVILLE, VT, 05851-8574",,Mission not available,1970,Yes
https://www.charitynavigator.org/ein/030224079,VETERANS OF FOREIGN WARS OF THE UNITED STATES DEPT OF VERMONT,030224079,,,"Not currently rated, Not rated, This organization is not rated",,"204 EASTERN AVE, ST JOHNSBURY, VT, 05819-2644",,A Veterans Organization established to facilitate the needs and concerns of its members and the community in which it exists.,1965,Yes
https://www.charitynavigator.org/ein/030224108,Chittenden County Senior Citizens Alliance Inc.,030224108,76%,3,,http://heinebergcsc.org,"14 HEINEBERG RD, BURLINGTON, VT, 05408-2511",802-863-3982,The Center provides a supportive gathering place for community members over the age of 50 with free donation based programs,1991,No
https://www.charitynavigator.org/ein/030224258,Burlington Garden Club Inc.,030224258,,,"Not currently rated, Not rated, This organization is not rated",,"5 DRIFTWOOD LN, BURLINGTON, VT, 05408-2720",,Mission not available,1970,Yes
https://www.charitynavigator.org/ein/030224359,Mary Johnson Childrens Center,030224359,90%,4,,,"81 WATER ST, WEYBRIDGE, VT, 05753-1494",802-388-2853,Mary Johnson Children's Center promotes the health and happiness of children and respect for families.,1971,No
https://www.charitynavigator.org/ein/030224387,Websterville Baptist Church,030224387,,,"Not currently rated, Not rated, This organization is not rated",,"PO BOX 1, WEBSTERVILLE, VT, 05678-0001",,Mission not available,1970,Yes
https://www.charitynavigator.org/ein/030224616,Lamoille Home Health Agency Inc.,030224616,96%,4,,http://www.lhha.org,"54 FARR AVE, MORRISVILLE, VT, 05661-9181",802-888-4651,"To support health, independence & dignity through quality care in the home.",1969,No
https://www.charitynavigator.org/ein/030224846,INTERNATIONAL BROTHERHOOD OF ELECTRICAL WORKERS,030224846,,,"Not currently rated, Not rated, This organization is not rated",,"47 GAUTHIER DR STE 10B, ESSEX JCT, VT, 05452-2867",802-871-7212,TO PROMOTE BY ALL PROPER MEANS THE MATERIAL AND INTELLECTUAL WELFARE OF ITS MEMBERS.,1940,Yes
https://www.charitynavigator.org/ein/030225004,First Baptist Church of Shelburne,030225004,,,"Not currently rated, Not rated, This organization is not rated",,"127 WEBSTER RD, SHELBURNE, VT, 05482-6534",,Mission not available,1971,Yes
https://www.charitynavigator.org/ein/030225105,The University of Vermont Health Network Medical Group Inc.,030225105,88%,3,,http://WWW.UVMHEALTH.ORG/MEDCENTER,"111 COLCHESTER AVE, BURLINGTON, VT, 05401-1473",802-847-5959,SERVE AS THE GOVERNING ORGANIZATION FOR PHYSICIANS EMPLOYED TO PROVIDE CLINICAL SERVICES TO AFFILIATED MEMBER HOSPITALS OF THE UNIVERSITY OF VERMONT HEALTH NETWORK.,1971,No
https://www.charitynavigator.org/ein/030224818,GRACE UNITED METHODIST CHURCH,030224818,,,"Not currently rated, Not rated, This organization is not rated",,"130 MAPLE ST, ESSEX JCT, VT, 05452-3702",,Mission not available,1974,Yes
https://www.charitynavigator.org/ein/030225265,NORTH AVENUE ALLIANCE CHURCH,030225265,,,"Not currently rated, Not rated, This organization is not rated",,"901 NORTH AVE, BURLINGTON, VT, 05408-2743",,Mission not available,1972,Yes
https://www.charitynavigator.org/ein/030225588,VERMONT HEALTH CARE ASSOCIATION INC,030225588,,,"Not currently rated, Not rated, This organization is not rated",,"PO BOX 397, SOUTH BARRE, VT, 05670-0397",,EDUCATION FOR THE IMPROVEMENT OF HEALTH CARE IN THE STATE OF VERMONT.,1993,Yes
https://www.charitynavigator.org/ein/030225594,UNITED STEELWORKERS,030225594,,,"Not currently rated, Not rated, This organization is not rated",,"PO BOX 584, BARRE, VT, 05641-0584",802-249-0326,Local Union enforced the collective bargaining agreement to better the working conditions of the Local Union provide representation to its members.,1940,Yes
https://www.charitynavigator.org/ein/030225677,Central Vermont Regional Planning Commission,030225677,,,"Not currently rated, Not rated, This organization is not rated",,"29 MAIN ST STE 4, MONTPELIER, VT, 05602-2952",,Mission not available,1988,Yes
https://www.charitynavigator.org/ein/030225740,The Schoolhouse Learning Center Inc.,030225740,77%,3,,http://www.theschoolhousevt.org,"8 CATKIN DR, S BURLINGTON, VT, 05403-3001",,"A preK-8 school that values each students unique learning experience, fostering academic excellence, emotional intelligence, and social and environmental justice thr ... (More)",1972,No
https://www.charitynavigator.org/ein/030225887,Montessori School of Central Vermont Inc.,030225887,64%,2,,http://WWW.MSCVT.ORG,"84 PINE HILL RD, BARRE, VT, 05641-9074",802-479-0912,MONTESSORI BASED EDUCATON,2015,No
https://www.charitynavigator.org/ein/030225913,HOME BUILDERS ASSOCIATION OF NORTHERN VERMONT,030225913,,,"Not currently rated, Not rated, This organization is not rated",http://www.homebuildersvt.com,"PO BOX 490, ST ALBANS BAY, VT, 05481-0490",802-876-6200,"To promote, enhance and maintain a positive business and economic environment conducive to the construction of new housing and renovation of existing housing.",1977,Yes
https://www.charitynavigator.org/ein/030225942,Ascutney Union Church Inc.,030225942,,,"Not currently rated, Not rated, This organization is not rated",,"5243 RTE 5, ASCUTNEY, VT, 05030-0000",,Mission not available,1971,Yes
https://www.charitynavigator.org/ein/030225975,New England Coalition on Nuclear Pollution Inc.,030225975,,,"Not currently rated, Not rated, This organization is not rated",,"PO BOX 545, BRATTLEBORO, VT, 05302-0545",,Mission not available,1971,Yes
https://www.charitynavigator.org/ein/030225997,Burke Mountain Academy Inc.,030225997,92%,4,,http://WWW.BURKEMTNACADEMY.ORG,"60 ALPINE LN, EAST BURKE, VT, 05832-6601",802-626-5607,SECONDARY EDUCATION AND SKI TRAINING INSTITUTION,1971,No
https://www.charitynavigator.org/ein/030226305,JAY PEAK POST 28 INC,030226305,,,"Not currently rated, Not rated, This organization is not rated",,"254 DOMINION AVE, NORTH TROY, VT, 05859-9737",802-988-2861,VETERANS' ORGANIZATION AND MEETING HALL FOR VETERANS SUPPORT SERVICES AND FOR DONATIONS TO THE COMMUNITY,2024,Yes
https://www.charitynavigator.org/ein/030226306,Vermont Association for Mental Health and Addiction Recovery Inc.,030226306,80%,3,,http://www.vamhar.org,"1 BLANCHARD CT STE 204, MONTPELIER, VT, 05602-3843",802-279-9069,"TRAINING, ADVOCACY, AND LEADERSHIP IN MENTAL HEALTH AND ADDICTION RECOVERY",1952,No
https://www.charitynavigator.org/ein/030227359,Bonnyvale Environmental Education Center at Heifer Hill Inc.,030227359,81%,3,,http://Beec.org,"PO BOX 2318, BRATTLEBORO, VT, 05303-2318",,Bonnyvale Environmental Education Centers mission is to foster experiences that inspire connection to the natural world and its many inhabitants.,1972,No
https://www.charitynavigator.org/ein/030226188,Open Fields Inc.,030226188,76%,3,,http://www.openfields.org,"PO BOX 53, THETFORD, VT, 05074-0053",802-785-2077,primary school education,1972,No
https://www.charitynavigator.org/ein/030226274,Hunger Mountain Childrens Center Inc.,030226274,79%,3,,,"123 S MAIN ST, WATERBURY, VT, 05676-1515",802-244-5544,CHILD CARE AND PRESCHOOL PROVIDER,1971,No
https://www.charitynavigator.org/ein/030227035,STERLING SNOW RIDERS INC,030227035,,,"Not currently rated, Not rated, This organization is not rated",,"PO BOX 152, JOHNSON, VT, 05656-0152",,Mission not available,1972,Yes
https://www.charitynavigator.org/ein/030228038,Vermont Dental Care Program Inc.,030228038,81%,3,,http://VTDENTALCARE.COM,"77 PINE ST STE 100, BURLINGTON, VT, 05401-6042",802-655-2385,TO PROVIDE COMPREHENSIVE DENTAL SERVICES TO CHILDREN AND LOW-INCOME FAMILIES.,1972,No
https://www.charitynavigator.org/ein/030228266,Northshire Senior Center Inc.,030228266,,,"Not currently rated, Not rated, This organization is not rated",,"PO BOX 1051, MANCHESTR CTR, VT, 05255-1051",,Mission not available,1973,Yes
https://www.charitynavigator.org/ein/030227605,VERMONTS NORTH COUNTRY CHAMBER OF COMMERCE INCORPORATED,030227605,,,"Not currently rated, Not rated, This organization is not rated",,"PO BOX 423, NEWPORT, VT, 05855-0423",,Mission not available,1973,Yes
https://www.charitynavigator.org/ein/030227152,The Child Care Center in Norwich Inc.,030227152,66%,2,,http://www.childcarenorwich.org,"75 MONTSHIRE RD, NORWICH, VT, 05055-9334",802-649-1403,Preschool Child Development,1971,No
https://www.charitynavigator.org/ein/030227159,LAKE CHAMPLAIN SQUARES,030227159,,,"Not currently rated, Not rated, This organization is not rated",,"291 POKER HILL RD, UNDERHILL, VT, 05489-9612",,Mission not available,1972,Yes
https://www.charitynavigator.org/ein/030228064,ST ANDREW PARISH CHARITABLE TR,030228064,,,"Not currently rated, Not rated, This organization is not rated",,"109 S MAIN ST, WATERBURY, VT, 05676-1514",,Mission not available,1946,Yes
https://www.charitynavigator.org/ein/030228267,VERMONT PUBLIC INTEREST RESEARCH GROUP INC,030228267,,,"Not currently rated, Not rated, This organization is not rated",http://www.vpirg.org,"141 MAIN ST STE 6, MONTPELIER, VT, 05602-2916",802-223-5221,"Founded in 1972, the Vermont Public Interest Research Group (VPIRG) is the largest nonprofit consumer and environmental advocacy organization in Vermont. See Page 2 ... (More)",1973,Yes
https://www.charitynavigator.org/ein/030228342,Frog Hollow Craft Association Inc.,030228342,76%,3,,http://WWW.FROGHOLLOW.ORG,"85 CHURCH ST, BURLINGTON, VT, 05401-4420",802-863-6458,"THE CORPORATION IS A NON PROFIT ARTS ORGANIZATION DEDICATED TO PROMOTING FINE ARTS AND CRAFTS THROUGH EDUCATION, EXHIBITION AND SALES.",1971,No
https://www.charitynavigator.org/ein/030228504,VETERANS OF FOREIGN WARS OF THE UNITED STATES DEPT OF VERMONT,030228504,,,"Not currently rated, Not rated, This organization is not rated",,"PO BOX 8233, BRATTLEBORO, VT, 05304-8233",802-257-0438,Club with facilities for members,1965,Yes
https://www.charitynavigator.org/ein/030228577,Trinity Baptist Church,030228577,,,"Not currently rated, Not rated, This organization is not rated",,"300 TRINITY DR, WILLISTON, VT, 05495-7720",,Mission not available,1973,Yes
https://www.charitynavigator.org/ein/030228965,Farm & Wilderness Foundation Inc.,030228965,96%,4,Review Before Proceeding,http://WWW.FARMANDWILDERNESS.ORG,"401 FARM AND WILDERNESS RD, PLYMOUTH, VT, 05056-4438",802-422-3761,"TO GROW THE SEEDS OF COURAGE AND INTEGRITY IN ALL PARTICIPANTS, TO OFFER RUGGED HANDS-ON, OUTDOOR ADVENTURE AND CHALLENGE, TO ENCOURAGE HARD WORK AND JOYFUL PLAY, AN ... (More)",1973,Yes
https://www.charitynavigator.org/ein/030228985,Yellow Barn,030228985,58%,1,,http://www.yellowbarn.org/,"P.O. Box 507, Putney, VT, 05346",802-387-6637,"Yellow Barn, an international center for chamber music, encourages discovery in the studio, classroom, and concert hall; explores the craft of musical interpretation ... (More)",1972,No
https://www.charitynavigator.org/ein/030229064,Child and Adolescent Psychology Training & Research Inc.,030229064,73%,2,,,"2 COLCHESTER AVE, BURLINGTON, VT, 05405-1764",802-656-2661,"ENCOURAGING, SUPPORTING AND CARRYING OUT RESEARCH, CLINICAL TRAINING & EDUCATION SERVICES IN THE AREAS OF CHILD AND ADOLESCENT PSYCHOLOGY.",1972,No
https://www.charitynavigator.org/ein/030229065,REDEEMER LUTHERAN CHURCH,030229065,,,"Not currently rated, Not rated, This organization is not rated",,"PO BOX 202, SHAFTSBURY, VT, 05262-0202",,Mission not available,1988,Yes
https://www.charitynavigator.org/ein/030229195,Orange East Senior Center Inc.,030229195,73%,2,,,"176 WAITS RIVER ROAD, BRADFORD, VT, 05033-9356",802-222-4782,TO SERVE THE NEEDS OF SENIORS.,1979,No
https://www.charitynavigator.org/ein/030229247,VT-NH SOCIETY FOR RESPIRATORY THERAPY,030229247,,,"Not currently rated, Not rated, This organization is not rated",,"28 E PEARL ST UNIT B, NASHUA, NH, 03060-3459",,Mission not available,1972,Yes
https://www.charitynavigator.org/ein/030229256,BOY SCOUTS OF AMERICA,030229256,96%,4,,http://WWW.SCOUTINGVERMONT.ORG,"PO BOX 557, WATERBURY, VT, 05676-0557",802-244-5189,PREPARE YOUNG PEOPLE TO MAKE ETHICAL AND MORAL CHOICES OVER THEIR LIFETIME BY INSTILLING IN THEM THE VALUES OF THE SCOUT OATH AND LAW AND BY PROVIDING OPPORTUNITIES ... (More),1965,No
https://www.charitynavigator.org/ein/030229328,COLD HOLLOW BEARCATS INC,030229328,,,"Not currently rated, Not rated, This organization is not rated",,"22 POTATO HILL RD, ENOSBURG, VT, 05450-5258",,Mission not available,2013,Yes
https://www.charitynavigator.org/ein/030229347,Shelburne Farms,030229347,97%,4,,https://shelburnefarms.org/,"1611 Harbor Road, Shelburne, VT, 05482",802-985-8686,Shelburne Farms is an education nonprofit on a mission to inspire and cultivate learning for a sustainable future. We believe that transformative learning experience ... (More),1973,No
https://www.charitynavigator.org/ein/030229430,Hilltop Montessori School Inc.,030229430,81%,3,,http://HILLTOPMONTESSORI.ORG,"99 STAFFORD FARM HILL RD, BRATTLEBORO, VT, 05301-8542",802-257-0500,"HILLTOP MONTESSORI SCHOOL'S MISSION IS FOR STUDENTS TO PRACTICE RESPONSIBLE INDEPENDENCE IN A CARING COMMUNITY OF CURIOUS, CRITICAL LEARNERS AND THOUGHTFUL CITIZENS.",1973,No
https://www.charitynavigator.org/ein/030229558,Brandon Senior Citizens Center Inc.,030229558,,,"Not currently rated, Not rated, This organization is not rated",,"1591 FOREST DALE RD, BRANDON, VT, 05733-8865",,Mission not available,1973,Yes
https://www.charitynavigator.org/ein/030229614,FOX HILL POOL CLUB INC,030229614,,,"Not currently rated, Not rated, This organization is not rated",,"34 FOX HILL RD APT 10, STOWE, VT, 05672-5612",,Mission not available,1973,Yes
https://www.charitynavigator.org/ein/030229638,Norwich Public Library Association,030229638,97%,4,,http://WWW.NORWICHLIBRARY.ORG,"PO BOX 290, NORWICH, VT, 05055-0290",802-649-1184,The Norwich Public Library vigorously nurtures a love of reading and the pursuit of life-long learning through its broad collections and dynamic activities honed to ... (More),1974,No
https://www.charitynavigator.org/ein/030229781,Winston Prouty Center for Child and Family Development Inc.,030229781,88%,3,,http://WWW.WINSTONPROUTY.ORG,"209 AUSTINE DRIVE, BRATTLEBORO, VT, 05301-7223",802-257-7852,TO PROVIDE INCLUSIVE EDUCATION AND FAMILY SUPPORT TO PROMOTE THE SUCCESS OF CHILDREN AND FAMILIES.,1973,No
https://www.charitynavigator.org/ein/030229931,University Health Center Inc.,030229931,82%,3,,,"4 SAMS LN, SWANTON, VT, 05488-8435",802-847-2550,ADMINISTRATION OF FUNDS FOR USE BY VARIOUS CLINICAL PRACTICES OF UNIVERSITY OF VERMONT MEDICAL CENTER AND SIMILAR DEPARTMENTS AT UNIVERSITY OF VERMONT COLLEGE OF MED ... (More),1973,No
https://www.charitynavigator.org/ein/030230075,DRIFTDUSTERS SNOWMOBILE CLUB INC,030230075,,,"Not currently rated, Not rated, This organization is not rated",,"118 FISH AND GAME ROAD, DERBY, VT, 05829-0000",,PROVIDE SAFE AND SCENIC TRAILS FOR SNOWMOBILE TRAVEL,1974,Yes
https://www.charitynavigator.org/ein/030230076,Quin-Town Center for Senior Citizens,030230076,,,"Not currently rated, Not rated, This organization is not rated",,"PO BOX 113, HANCOCK, VT, 05748-0113",,Mission not available,2006,Yes
https://www.charitynavigator.org/ein/030230249,New Brook Volunteer Fire Association Inc.,030230249,73%,2,,http://NEWBROOKFIRE.ORG,"PO BOX 77, NEWFANE, VT, 05345-0077",,VOLUNTEER FIRE DEPARTMENT AND EMERGENCY MEDICAL SERVICES FOR NEWFANE & BROOKLINE VERMONT.,1989,No
https://www.charitynavigator.org/ein/030230263,CENTRAL VERMONT CHAMBER OF COMMERCE INC,030230263,,,"Not currently rated, Not rated, This organization is not rated",http://WWW.CENTRALVT.COM,"PO BOX 336, BARRE, VT, 05641-0336",802-229-5711,PROMOTE BUSINESS OPPORTUNITIES,1973,Yes
https://www.charitynavigator.org/ein/030230368,SKITCHEWAUG TRAIL RIDERS INC,030230368,,,"Not currently rated, Not rated, This organization is not rated",,"75 ROUTE 5, SPRINGFIELD, VT, 05156-9750",,Mission not available,1973,Yes
https://www.charitynavigator.org/ein/030230412,GEORGIA PLAIN BAPTIST CHURCH,030230412,,,"Not currently rated, Not rated, This organization is not rated",,"1493 STONE BRIDGE RD, GEORGIA, VT, 05468-4420",,Mission not available,1955,Yes
https://www.charitynavigator.org/ein/030230487,FREE & ACCEPTED MASONS OF VERMONT,030230487,,,"Not currently rated, Not rated, This organization is not rated",,"PO BOX 122, NORTHFIELD, VT, 05663-0122",,Mission not available,1972,Yes
https://www.charitynavigator.org/ein/030230490,Pilobolus Inc.,030230490,92%,4,,http://PILOBOLUS.ORG,"6 KIRBY RD, WASHINGTON, CT, 06793-1408",860-868-0538,"OUR MISSION IS TO CREATE, PERFORM, AND PRESERVE DANCES APPLYING THE COLLABORATIVE AND CREATIVE METHODS OF PILOBOLUS DANCE THEATER; TO BROADEN THE DEFINITION OF DANCE ... (More)",1974,No
https://www.charitynavigator.org/ein/030230904,Wells River Library Asociation,030230904,,,"Not currently rated, Not rated, This organization is not rated",,"PO BOX 337, WELLS RIVER, VT, 05081-0337",,Mission not available,1978,Yes
https://www.charitynavigator.org/ein/030230930,Poultney Community League Inc.,030230930,,,"Not currently rated, Not rated, This organization is not rated",,"648 VERMONT ROUTE 31, POULTNEY, VT, 05764-9608",,Mission not available,1998,Yes
https://www.charitynavigator.org/ein/030231076,Institute for Human Understanding Inc.,030231076,,,"Not currently rated, Not rated, This organization is not rated",,"16 PARK ROW UNIT 16, ROCHESTER, VT, 05767-9445",,Mission not available,2012,Yes
https://www.charitynavigator.org/ein/030231251,Theatre Group Ltd.,030231251,,,"Not currently rated, Not rated, This organization is not rated",,"1728 RIPTON RD, LINCOLN, VT, 05443-9601",,Mission not available,1973,Yes
https://www.charitynavigator.org/ein/030231270,Mettowee Valley & Northeast Cemetery Association,030231270,,,"Not currently rated, Not rated, This organization is not rated",,"258 BEAVER BROOK RD, PAWLET, VT, 05761-9569",,Mission not available,2014,Yes
https://www.charitynavigator.org/ein/030231573,Latchis Arts Inc.,030231573,36%,,,http://WWW.LATCHIS.ORG,"50 MAIN ST, BRATTLEBORO, VT, 05301-3248",802-254-1109,"RENOVATIONS OF LATCHIS THEATRE IN BRATTLEBORO, VERMONT",1976,No
https://www.charitynavigator.org/ein/030231664,VERMONT CATHOLIC TRIBUNE,030231664,,,"Not currently rated, Not rated, This organization is not rated",,"55 JOY DR, S BURLINGTON, VT, 05403-6119",,Mission not available,1946,Yes
https://www.charitynavigator.org/ein/030231665,Vermont Institute of Natural Science,030231665,96%,4,,http://www.vinsweb.org/,"PO Box 1281, 149 Natures Way, Quechee, VT, 05059",802-359-5000,"Founded in 1972, the Vermont Institute of Natural Science (VINS) is a nonprofit environmental education organization based in Quechee, Vermont. VINS' mission is to m ... (More)",1973,No
https://www.charitynavigator.org/ein/030231737,SUGAR HOUSE HILL PROPERTY OWNERS ASSOC,030231737,,,"Not currently rated, Not rated, This organization is not rated",,"PO BOX 1201, STOWE, VT, 05672-1201",,Mission not available,1973,Yes
https://www.charitynavigator.org/ein/030231818,Institute for Liberty and Community,030231818,,,"Not currently rated, Not rated, This organization is not rated",,"4836 KIRBY MOUNTAIN RD, CONCORD, VT, 05824-9798",,Mission not available,1974,Yes
